{
  "android-instant": {
    "REMOTE_SERVER_ROOT": "",
    "host": "",
    "pathPattern": "",
    "recordPath": "",
    "scheme": "https",
    "skipRecord": false
  },
  "appBundle": false,
  "baidugame": {
    "REMOTE_SERVER_ROOT": "",
    "appid": "testappid",
    "orientation": "portrait",
    "subContext": ""
  },
  "encryptJs": true,
  "excludeScenes": [],
  "fb-instant-games": {},
  "includeSDKBox": false,
  "inlineSpriteFrames": true,
  "inlineSpriteFrames_native": true,
  "md5Cache": false,
  "mergeStartScene": false,
  "optimizeHotUpdate": false,
  "orientation": {
    "landscapeLeft": true,
    "landscapeRight": true,
    "portrait": false,
    "upsideDown": false
  },
  "packageName": "org.cocos2d.HalliGalliDemo",
  "qqplay": {
    "REMOTE_SERVER_ROOT": "",
    "orientation": "portrait",
    "zip": false
  },
  "startScene": "c97845ff-4d3b-41e5-9be7-3da2dcb6ee61",
  "title": "HalliGalliDemo",
  "webOrientation": "auto",
  "wechatgame": {
    "REMOTE_SERVER_ROOT": "",
    "appid": "wx7c3cab46a8c795c9",
    "orientation": "portrait",
    "subContext": ""
  },
  "xxteaKey": "64b58154-bcf0-44",
  "zipCompressJs": true
}