{
  "f8e6b000-5643-4b86-9080-aa680ce1f599": {
    "asset": 1558927782566,
    "meta": 1556549822000,
    "relativePath": "image"
  },
  "71561142-4c83-4933-afca-cb7a17f67053": {
    "asset": 1556549822000,
    "meta": 1560742317782,
    "relativePath": "image\\default_btn_disabled.png"
  },
  "e851e89b-faa2-4484-bea6-5c01dd9f06e2": {
    "asset": 1556549822000,
    "meta": 1560742317785,
    "relativePath": "image\\default_btn_normal.png"
  },
  "b43ff3c2-02bb-4874-81f7-f2dea6970f18": {
    "asset": 1556549822000,
    "meta": 1560742317800,
    "relativePath": "image\\default_btn_pressed.png"
  },
  "edd215b9-2796-4a05-aaf5-81f96c9281ce": {
    "asset": 1556549822000,
    "meta": 1560742317804,
    "relativePath": "image\\default_editbox_bg.png"
  },
  "d81ec8ad-247c-4e62-aa3c-d35c4193c7af": {
    "asset": 1556549822000,
    "meta": 1560742317818,
    "relativePath": "image\\default_panel.png"
  },
  "99170b0b-d210-46f1-b213-7d9e3f23098a": {
    "asset": 1556549822000,
    "meta": 1560742317822,
    "relativePath": "image\\default_progressbar_bg.png"
  },
  "567dcd80-8bf4-4535-8a5a-313f1caf078a": {
    "asset": 1556549822000,
    "meta": 1560742317843,
    "relativePath": "image\\default_radio_button_off.png"
  },
  "cfef78f1-c8df-49b7-8ed0-4c953ace2621": {
    "asset": 1556549822000,
    "meta": 1560742317844,
    "relativePath": "image\\default_progressbar.png"
  },
  "4bab67cb-18e6-4099-b840-355f0473f890": {
    "asset": 1556549822000,
    "meta": 1560742317858,
    "relativePath": "image\\default_scrollbar_bg.png"
  },
  "9d60001f-b5f4-4726-a629-2659e3ded0b8": {
    "asset": 1556549822000,
    "meta": 1560742317861,
    "relativePath": "image\\default_radio_button_on.png"
  },
  "d6d3ca85-4681-47c1-b5dd-d036a9d39ea2": {
    "asset": 1556549822000,
    "meta": 1560742317876,
    "relativePath": "image\\default_scrollbar_vertical.png"
  },
  "617323dd-11f4-4dd3-8eec-0caf6b3b45b9": {
    "asset": 1556549822000,
    "meta": 1560742317879,
    "relativePath": "image\\default_scrollbar_vertical_bg.png"
  },
  "0291c134-b3da-4098-b7b5-e397edbe947f": {
    "asset": 1556549822000,
    "meta": 1560742317892,
    "relativePath": "image\\default_scrollbar.png"
  },
  "0275e94c-56a7-410f-bd1a-fc7483f7d14a": {
    "asset": 1556549822000,
    "meta": 1560742317895,
    "relativePath": "image\\default_sprite_splash.png"
  },
  "6e056173-d285-473c-b206-40a7fff5386e": {
    "asset": 1556549822000,
    "meta": 1560742317908,
    "relativePath": "image\\default_sprite.png"
  },
  "73a0903d-d80e-4e3c-aa67-f999543c08f5": {
    "asset": 1556549822000,
    "meta": 1560742317912,
    "relativePath": "image\\default_toggle_checkmark.png"
  },
  "c25b9d50-c8fc-4d27-beeb-6e7c1f2e5c0f": {
    "asset": 1556549822000,
    "meta": 1560742317928,
    "relativePath": "image\\default_toggle_disabled.png"
  },
  "d29077ba-1627-4a72-9579-7b56a235340c": {
    "asset": 1556549822000,
    "meta": 1560742317932,
    "relativePath": "image\\default_toggle_normal.png"
  },
  "fc09f9bd-2cce-4605-b630-8145ef809ed6": {
    "asset": 1558927733230,
    "meta": 1556549822000,
    "relativePath": "misc"
  },
  "2be36297-9abb-4fee-8049-9ed5e271da8a": {
    "asset": 1556549822000,
    "meta": 1560742317945,
    "relativePath": "misc\\default_video.mp4"
  },
  "b181c1e4-0a72-4a91-bfb0-ae6f36ca60bd": {
    "asset": 1556549822000,
    "meta": 1560742317948,
    "relativePath": "image\\default_toggle_pressed.png"
  },
  "db019bf7-f71c-4111-98cf-918ea180cb48": {
    "asset": 1558927881409,
    "meta": 1556549822000,
    "relativePath": "model"
  },
  "e39e96e6-6f6e-413f-bcf1-ac7679bb648a": {
    "asset": 1558927881388,
    "meta": 1556549822000,
    "relativePath": "model\\prefab"
  },
  "a87cc147-01b2-43f8-8e42-a7ca90b0c757": {
    "asset": 1556549822000,
    "meta": 1560742317958,
    "relativePath": "model\\prefab\\box.prefab"
  },
  "fe1417b6-fe6b-46a4-ae7c-9fd331f33a2a": {
    "asset": 1556549822000,
    "meta": 1560742317961,
    "relativePath": "model\\prefab\\capsule.prefab"
  },
  "b5fc2cf2-7942-483d-be1f-bbeadc4714ad": {
    "asset": 1556549822000,
    "meta": 1560742317970,
    "relativePath": "model\\prefab\\cone.prefab"
  },
  "1c5e4038-953a-44c2-b620-0bbfc6170477": {
    "asset": 1556549822000,
    "meta": 1560742317971,
    "relativePath": "model\\prefab\\cylinder.prefab"
  },
  "3f376125-a699-40ca-ad05-04d662eaa1f2": {
    "asset": 1556549822000,
    "meta": 1560742317978,
    "relativePath": "model\\prefab\\plane.prefab"
  },
  "6c9ef10d-b479-420b-bfe6-39cdda6a8ae0": {
    "asset": 1556549822000,
    "meta": 1560742317980,
    "relativePath": "model\\prefab\\quad.prefab"
  },
  "2d9a4b85-b0ab-4c46-84c5-18f393ab2058": {
    "asset": 1556549822000,
    "meta": 1560742317986,
    "relativePath": "model\\prefab\\sphere.prefab"
  },
  "de510076-056b-484f-b94c-83bef217d0e1": {
    "asset": 1556549822000,
    "meta": 1560742318000,
    "relativePath": "model\\prefab\\torus.prefab"
  },
  "f6e6dd15-71d1-4ffe-ace7-24fd39942c05": {
    "asset": 1558927782919,
    "meta": 1556549822000,
    "relativePath": "obsolete"
  },
  "8a96b965-2dc0-4e03-aa90-3b79cb93b5b4": {
    "asset": 1556549822000,
    "meta": 1560742318020,
    "relativePath": "obsolete\\atom.png"
  },
  "f743d2b6-b7ea-4c14-a55b-547ed4d0a045": {
    "asset": 1558927782932,
    "meta": 1556549822000,
    "relativePath": "particle"
  },
  "b8223619-7e38-47c4-841f-9160c232495a": {
    "asset": 1556549822000,
    "meta": 1560742318537,
    "relativePath": "obsolete\\atom.plist"
  },
  "d0a82d39-bede-46c4-b698-c81ff0dedfff": {
    "asset": 1556549822000,
    "meta": 1560742318039,
    "relativePath": "particle\\atom.png"
  },
  "ae6c6c98-11e4-452f-8758-75f5c6a56e83": {
    "asset": 1558927881443,
    "meta": 1556549822000,
    "relativePath": "prefab"
  },
  "972b9a4d-47ee-4c74-b5c3-61d8a69bc29f": {
    "asset": 1556549822000,
    "meta": 1560742318046,
    "relativePath": "prefab\\button.prefab"
  },
  "b2687ac4-099e-403c-a192-ff477686f4f5": {
    "asset": 1556549822000,
    "meta": 1560742318540,
    "relativePath": "particle\\atom.plist"
  },
  "897ef7a1-4860-4f64-968d-f5924b18668a": {
    "asset": 1556549822000,
    "meta": 1560742318052,
    "relativePath": "prefab\\camera.prefab"
  },
  "2c937608-2562-40ea-b264-7395df6f0cea": {
    "asset": 1556549822000,
    "meta": 1560742318056,
    "relativePath": "prefab\\canvas.prefab"
  },
  "61aeb05b-3b32-452b-8eed-2b76deeed554": {
    "asset": 1556549822000,
    "meta": 1560742318060,
    "relativePath": "prefab\\editbox.prefab"
  },
  "27756ebb-3d33-44b0-9b96-e858fadd4dd4": {
    "asset": 1556549822000,
    "meta": 1560742318065,
    "relativePath": "prefab\\label.prefab"
  },
  "785a442c-3ceb-45be-a46e-7317f625f3b9": {
    "asset": 1556549822000,
    "meta": 1560742318070,
    "relativePath": "prefab\\layout.prefab"
  },
  "ddb99b39-7004-47cd-9705-751905c43c46": {
    "asset": 1556549822000,
    "meta": 1560742318076,
    "relativePath": "prefab\\light.prefab"
  },
  "ca8401fe-ad6e-41a8-bd46-8e3e4e9945be": {
    "asset": 1556549822000,
    "meta": 1560742318082,
    "relativePath": "prefab\\pageview.prefab"
  },
  "cd33edea-55f5-46c2-958d-357a01384a36": {
    "asset": 1556549822000,
    "meta": 1560742318086,
    "relativePath": "prefab\\particlesystem.prefab"
  },
  "5965ffac-69da-4b55-bcde-9225d0613c28": {
    "asset": 1556549822000,
    "meta": 1560742318090,
    "relativePath": "prefab\\progressBar.prefab"
  },
  "4a37dd57-78cd-4cec-aad4-f11a73d12b63": {
    "asset": 1556549822000,
    "meta": 1560742318094,
    "relativePath": "prefab\\richtext.prefab"
  },
  "32044bd2-481f-4cf1-a656-e2b2fb1594eb": {
    "asset": 1556549822000,
    "meta": 1560742318099,
    "relativePath": "prefab\\scrollview.prefab"
  },
  "0004d1cf-a0ad-47d8-ab17-34d3db9d35a3": {
    "asset": 1556549822000,
    "meta": 1560742318102,
    "relativePath": "prefab\\slider.prefab"
  },
  "1f55e3be-b89b-4b79-88de-47fd31018044": {
    "asset": 1556549822000,
    "meta": 1560742318107,
    "relativePath": "prefab\\sprite_splash.prefab"
  },
  "96083d03-c332-4a3f-9386-d03e2d19e8ee": {
    "asset": 1556549822000,
    "meta": 1560742318111,
    "relativePath": "prefab\\sprite.prefab"
  },
  "7de03a80-4457-438d-95a7-3e7cdffd6086": {
    "asset": 1556549822000,
    "meta": 1560742318118,
    "relativePath": "prefab\\tiledmap.prefab"
  },
  "0e42ba95-1fa1-46aa-b2cf-143cd1bcee2c": {
    "asset": 1556549822000,
    "meta": 1560742318123,
    "relativePath": "prefab\\tiledtile.prefab"
  },
  "0d784963-d024-4ea6-a7db-03be0ad63010": {
    "asset": 1556549822000,
    "meta": 1560742318127,
    "relativePath": "prefab\\toggle.prefab"
  },
  "bf0a434c-84dd-4a8e-a08a-7a36f180cc75": {
    "asset": 1556549822000,
    "meta": 1560742318131,
    "relativePath": "prefab\\toggleContainer.prefab"
  },
  "d1b8be49-b0a0-435c-83b7-552bed4bbe35": {
    "asset": 1556549822000,
    "meta": 1560742318138,
    "relativePath": "prefab\\toggleGroup.prefab"
  },
  "232d2782-c4bd-4bb4-9e01-909f03d6d3b9": {
    "asset": 1556549822000,
    "meta": 1560742318149,
    "relativePath": "prefab\\videoplayer.prefab"
  },
  "8c5001fd-07ee-4a4b-a8a0-63e15195e94d": {
    "asset": 1556549822000,
    "meta": 1560742318160,
    "relativePath": "prefab\\webview.prefab"
  },
  "d8afc78c-4eac-4a9f-83dd-67bc70344d33": {
    "asset": 1558927881678,
    "meta": 1556549822000,
    "relativePath": "resources"
  },
  "294c1663-4adf-4a1e-a795-53808011a38a": {
    "asset": 1558927881581,
    "meta": 1556549822000,
    "relativePath": "resources\\effects"
  },
  "430eccbf-bf2c-4e6e-8c0c-884bbb487f32": {
    "asset": 1556549822000,
    "meta": 1560742318235,
    "relativePath": "resources\\effects\\__builtin-editor-gizmo-line.effect"
  },
  "6c5cf6e1-b044-4eac-9431-835644d57381": {
    "asset": 1556549822000,
    "meta": 1560742318246,
    "relativePath": "resources\\effects\\__builtin-editor-gizmo-unlit.effect"
  },
  "115286d1-2e10-49ee-aab4-341583f607e8": {
    "asset": 1556549822000,
    "meta": 1560742318291,
    "relativePath": "resources\\effects\\__builtin-editor-gizmo.effect"
  },
  "c0040c95-c57f-49cd-9cbc-12316b73d0d4": {
    "asset": 1556549822000,
    "meta": 1560742318314,
    "relativePath": "resources\\effects\\builtin-clear-stencil.effect"
  },
  "144c3297-af63-49e8-b8ef-1cfa29b3be28": {
    "asset": 1556549822000,
    "meta": 1560742318321,
    "relativePath": "resources\\effects\\builtin-gray-sprite.effect"
  },
  "abc2cb62-7852-4525-a90d-d474487b88f2": {
    "asset": 1556549822000,
    "meta": 1560742318378,
    "relativePath": "resources\\effects\\builtin-phong.effect"
  },
  "0e93aeaa-0b53-4e40-b8e0-6268b4e07bd7": {
    "asset": 1556549822000,
    "meta": 1560742318388,
    "relativePath": "resources\\effects\\builtin-spine.effect"
  },
  "2874f8dd-416c-4440-81b7-555975426e93": {
    "asset": 1556549822000,
    "meta": 1560742318399,
    "relativePath": "resources\\effects\\builtin-sprite.effect"
  },
  "79eafaef-b7ef-45d9-9c3f-591dc836fc7a": {
    "asset": 1556549822000,
    "meta": 1560742318423,
    "relativePath": "resources\\effects\\builtin-unlit-transparent.effect"
  },
  "6d91e591-4ce0-465c-809f-610ec95019c6": {
    "asset": 1556549822000,
    "meta": 1560742318448,
    "relativePath": "resources\\effects\\builtin-unlit.effect"
  },
  "bbee2217-c261-49bd-a8ce-708d6bcc3500": {
    "asset": 1558927881671,
    "meta": 1556549822000,
    "relativePath": "resources\\materials"
  },
  "cf7e0bb8-a81c-44a9-ad79-d28d43991032": {
    "asset": 1556549822000,
    "meta": 1560742318456,
    "relativePath": "resources\\materials\\builtin-clear-stencil.mtl"
  },
  "3a7bb79f-32fd-422e-ada2-96f518fed422": {
    "asset": 1556549822000,
    "meta": 1560742318473,
    "relativePath": "resources\\materials\\builtin-gray-sprite.mtl"
  },
  "c4480a0a-6ac5-443f-8b40-361a14257fc8": {
    "asset": 1556549822000,
    "meta": 1560742318479,
    "relativePath": "resources\\materials\\builtin-phong.mtl"
  },
  "7afd064b-113f-480e-b793-8817d19f63c3": {
    "asset": 1556549822000,
    "meta": 1560742318488,
    "relativePath": "resources\\materials\\builtin-spine.mtl"
  },
  "eca5d2f2-8ef6-41c2-bbe6-f9c79d09c432": {
    "asset": 1556549822000,
    "meta": 1560742318491,
    "relativePath": "resources\\materials\\builtin-sprite.mtl"
  },
  "2a296057-247c-4a1c-bbeb-0548b6c98650": {
    "asset": 1556549822000,
    "meta": 1560742318493,
    "relativePath": "resources\\materials\\builtin-unlit.mtl"
  },
  "954fec8b-cd16-4bb9-a3b7-7719660e7558": {
    "asset": 1556549822000,
    "meta": 1560742324378,
    "relativePath": "model\\primitives.fbx"
  },
  "64dede46-2d12-4c59-a855-25ca3ed5c061": {
    "asset": 1560742324432,
    "meta": 1560712916000,
    "relativePath": "resources"
  },
  "ace9dcaf-d511-4d7e-b2e2-5efc67a0aa63": {
    "asset": 1560712916000,
    "meta": 1560742334432,
    "relativePath": "&asset&type&.json"
  },
  "5a9a702e-9f47-49ee-be10-66f610b1a9e1": {
    "asset": 1560732078000,
    "meta": 1560742334474,
    "relativePath": "resources\\0001.jpg"
  },
  "99760f13-a351-469c-a3fc-5754a761a769": {
    "asset": 1560732078000,
    "meta": 1560742334477,
    "relativePath": "resources\\0002.jpg"
  },
  "184fdf33-8d52-45ea-b0b7-d4033b61b470": {
    "asset": 1560732078000,
    "meta": 1560742334520,
    "relativePath": "resources\\0003.jpg"
  },
  "9dc4b26b-8570-45bb-bed6-4b429a0ee255": {
    "asset": 1560732078000,
    "meta": 1560742334523,
    "relativePath": "resources\\0004.jpg"
  },
  "25eff0be-99cb-4b63-94c0-7e065903eab5": {
    "asset": 1560732078000,
    "meta": 1560742334556,
    "relativePath": "resources\\0005.jpg"
  },
  "94c1cbc2-98da-47dd-9490-5839f8e725e5": {
    "asset": 1560732078000,
    "meta": 1560742334559,
    "relativePath": "resources\\0010.jpg"
  },
  "68fa9cef-31af-4289-9598-9afa167daafe": {
    "asset": 1560732078000,
    "meta": 1560742334595,
    "relativePath": "resources\\0011.jpg"
  },
  "dfab08b7-07bb-42f4-a161-9e6d7ce67468": {
    "asset": 1560732078000,
    "meta": 1560742334599,
    "relativePath": "resources\\0012.jpg"
  },
  "b23b386a-5466-4e41-9f3c-79be3424cd65": {
    "asset": 1560732078000,
    "meta": 1560742334641,
    "relativePath": "resources\\0020.jpg"
  },
  "303c306d-380b-41cc-b040-1c3e896b868d": {
    "asset": 1560732078000,
    "meta": 1560742334642,
    "relativePath": "resources\\0013.jpg"
  },
  "a476d349-6dbb-4792-aec2-edad0d6232da": {
    "asset": 1560732078000,
    "meta": 1560742334678,
    "relativePath": "resources\\0021.jpg"
  },
  "64353e59-e90c-436a-957e-92f90f9fd0ac": {
    "asset": 1560732078000,
    "meta": 1560742334680,
    "relativePath": "resources\\0030.jpg"
  },
  "4a4da0bb-f742-4455-848d-77f0621619cb": {
    "asset": 1560732078000,
    "meta": 1560742334717,
    "relativePath": "resources\\0031.jpg"
  },
  "18d80b95-0051-4f4b-82b4-82b4bfb34b07": {
    "asset": 1560732078000,
    "meta": 1560742334720,
    "relativePath": "resources\\0040.jpg"
  },
  "a27117f1-cc97-40f0-bda2-d4167d4d80d3": {
    "asset": 1560732078000,
    "meta": 1560742334751,
    "relativePath": "resources\\0050.jpg"
  },
  "8a8aa74f-1d3c-43a5-8d34-eba4a8bf6e7d": {
    "asset": 1560732078000,
    "meta": 1560742334754,
    "relativePath": "resources\\0100.jpg"
  },
  "7fd8c6d6-21ab-4db3-aaa4-cf8bd455eb56": {
    "asset": 1560732078000,
    "meta": 1560742334785,
    "relativePath": "resources\\0102.jpg"
  },
  "f15f69c4-6f82-4a12-8a73-c8e6ad117f9c": {
    "asset": 1560732078000,
    "meta": 1560742334789,
    "relativePath": "resources\\0101.jpg"
  },
  "0d1bb3a9-0dda-4232-bb12-ae95f0bd8830": {
    "asset": 1560732078000,
    "meta": 1560742334828,
    "relativePath": "resources\\0110.jpg"
  },
  "d8bb01ac-fcac-43ad-aa3c-2502b2955ff1": {
    "asset": 1560732078000,
    "meta": 1560742334829,
    "relativePath": "resources\\0103.jpg"
  },
  "2924bb42-7c03-4fba-a543-24a8145dfb90": {
    "asset": 1560732078000,
    "meta": 1560742334867,
    "relativePath": "resources\\0120.jpg"
  },
  "cd249f1f-0170-4721-8b40-7cc17028612f": {
    "asset": 1560732078000,
    "meta": 1560742334868,
    "relativePath": "resources\\0130.jpg"
  },
  "1a5be915-c0a5-47e1-8019-dc9482ca8afd": {
    "asset": 1560732078000,
    "meta": 1560742334900,
    "relativePath": "resources\\0201.jpg"
  },
  "eaed774b-ef6d-4d2e-9c4a-88df855a97b4": {
    "asset": 1560732078000,
    "meta": 1560742334903,
    "relativePath": "resources\\0200.jpg"
  },
  "451ef52f-cab7-4788-ae15-931eb7d1fc9c": {
    "asset": 1560732078000,
    "meta": 1560742334942,
    "relativePath": "resources\\0300.jpg"
  },
  "acb5fdfa-741a-4287-b756-98c41b278e2f": {
    "asset": 1560732078000,
    "meta": 1560742334947,
    "relativePath": "resources\\0210.jpg"
  },
  "dcc9198a-cdd6-4066-b9c5-fa13ff6e99fb": {
    "asset": 1560732078000,
    "meta": 1560742334984,
    "relativePath": "resources\\0310.jpg"
  },
  "40f97560-6775-42ff-ba3f-1f9cc1094eac": {
    "asset": 1560732078000,
    "meta": 1560742334987,
    "relativePath": "resources\\0301.jpg"
  },
  "5732a3a1-9bbe-4d87-a84f-556368d2577f": {
    "asset": 1560732078000,
    "meta": 1560742335021,
    "relativePath": "resources\\0500.jpg"
  },
  "04e08ceb-14a1-4d2b-a6f8-6fde0272efc3": {
    "asset": 1560732078000,
    "meta": 1560742335024,
    "relativePath": "resources\\0400.jpg"
  },
  "d4bff976-c226-44b0-ac0d-961469acaa44": {
    "asset": 1560732078000,
    "meta": 1560742335055,
    "relativePath": "resources\\1000.jpg"
  },
  "f71b1712-4a67-4913-91e9-b5e9bd92300c": {
    "asset": 1560732078000,
    "meta": 1560742335058,
    "relativePath": "resources\\1001.jpg"
  },
  "08383ba9-d4cb-4f7e-aa4d-498e6245c62d": {
    "asset": 1560732078000,
    "meta": 1560742335097,
    "relativePath": "resources\\1003.jpg"
  },
  "71015c45-c280-4554-b247-94f26d7860bb": {
    "asset": 1560732078000,
    "meta": 1560742335102,
    "relativePath": "resources\\1002.jpg"
  },
  "5919ff69-aa27-4bd6-b287-4ba6b6f00d9f": {
    "asset": 1560732078000,
    "meta": 1560742335131,
    "relativePath": "resources\\1010.jpg"
  },
  "83152ce7-20e1-4df6-9a5b-d650dabcc496": {
    "asset": 1560732078000,
    "meta": 1560742335134,
    "relativePath": "resources\\1020.jpg"
  },
  "acd88e39-0c0c-43a1-b567-321177c54678": {
    "asset": 1560732078000,
    "meta": 1560742335163,
    "relativePath": "resources\\1030.jpg"
  },
  "171def1e-41d8-4ce8-bd59-1936a49f3441": {
    "asset": 1560732078000,
    "meta": 1560742335166,
    "relativePath": "resources\\1100.jpg"
  },
  "349fa3ec-4a2a-4f3a-81df-7d4ee7e02df8": {
    "asset": 1560732078000,
    "meta": 1560742335208,
    "relativePath": "resources\\1110.jpg"
  },
  "e577ed2d-6f20-4f5e-a5f2-cffbd15ee5d1": {
    "asset": 1560732078000,
    "meta": 1560742335210,
    "relativePath": "resources\\1101.jpg"
  },
  "cf41273f-f34f-4f1d-93df-525571c2cd53": {
    "asset": 1560732078000,
    "meta": 1560742335242,
    "relativePath": "resources\\1111.jpg"
  },
  "5b64b2a6-40cb-45ce-a7bb-c42e04ca6047": {
    "asset": 1560732078000,
    "meta": 1560742335246,
    "relativePath": "resources\\1200.jpg"
  },
  "b245d560-9134-4772-91cc-fc9d0a6c979a": {
    "asset": 1560732078000,
    "meta": 1560742335280,
    "relativePath": "resources\\1300.jpg"
  },
  "85c7feb9-3ce7-4f90-8c44-93a26a2a4a3b": {
    "asset": 1560732078000,
    "meta": 1560742335284,
    "relativePath": "resources\\1400.jpg"
  },
  "40e7f6a4-c70f-48f5-a8b0-cbc7005c5302": {
    "asset": 1560732078000,
    "meta": 1560742335315,
    "relativePath": "resources\\2000.jpg"
  },
  "4069801d-0044-4b3c-b54b-9663d170e45f": {
    "asset": 1560732078000,
    "meta": 1560742335317,
    "relativePath": "resources\\2001.jpg"
  },
  "e103791d-0513-4dc8-9eec-656222dd71db": {
    "asset": 1560732078000,
    "meta": 1560742335354,
    "relativePath": "resources\\2010.jpg"
  },
  "c66488f8-d8fb-4efa-983f-03d7d41ecf72": {
    "asset": 1560732078000,
    "meta": 1560742335356,
    "relativePath": "resources\\2100.jpg"
  },
  "bfa2f0e9-d217-4028-973e-8f7d2d347f69": {
    "asset": 1560732078000,
    "meta": 1560742335392,
    "relativePath": "resources\\3001.jpg"
  },
  "a1606d13-2450-4f04-91fa-d7a26693d269": {
    "asset": 1560732078000,
    "meta": 1560742335393,
    "relativePath": "resources\\3000.jpg"
  },
  "f1d70ddc-3c45-4082-a9fa-10a46dd7ecbe": {
    "asset": 1560732078000,
    "meta": 1560742335425,
    "relativePath": "resources\\3100.jpg"
  },
  "9e1310a0-4a99-4e98-908d-cc7b0addb195": {
    "asset": 1560732078000,
    "meta": 1560742335432,
    "relativePath": "resources\\3010.jpg"
  },
  "3f7dc8bd-681f-40b2-96a1-428c29ccc128": {
    "asset": 1560732078000,
    "meta": 1560742335470,
    "relativePath": "resources\\5000.jpg"
  },
  "325ac304-968c-41f8-ad2f-65fabf282362": {
    "asset": 1560732078000,
    "meta": 1560742335473,
    "relativePath": "resources\\4000.jpg"
  },
  "e1caf4ad-a997-4389-bb41-ec8c3eed4705": {
    "asset": 1560712916000,
    "meta": 1560742324433,
    "relativePath": "resources\\audio"
  },
  "55d110b9-bab6-4d9d-9416-03e46904fa35": {
    "asset": 1560712916000,
    "meta": 1560742335486,
    "relativePath": "resources\\audio\\score.mp3"
  },
  "004bc06e-35a4-48aa-8c79-9f68e9a9d47c": {
    "asset": 1560732078000,
    "meta": 1560742335516,
    "relativePath": "resources\\cardbg.jpg"
  },
  "f7c6bb28-a7f1-4c7e-9e4b-7af72c4dc3d3": {
    "asset": 1560732078000,
    "meta": 1560742335520,
    "relativePath": "resources\\elephant.jpg"
  },
  "966003b1-c5a2-4a0d-a351-a3813a7a137f": {
    "asset": 1560712916000,
    "meta": 1560742335539,
    "relativePath": "resources\\end.jpg"
  },
  "0ede69aa-29a9-4b1d-8374-d9d772ebed9a": {
    "asset": 1560732078000,
    "meta": 1560742335553,
    "relativePath": "resources\\monkey.jpg"
  },
  "1d374967-a924-4270-b9fd-ba51c7732101": {
    "asset": 1560732078000,
    "meta": 1560742335573,
    "relativePath": "resources\\pig.jpg"
  },
  "2aaeab7b-63c5-4cd6-9653-0c5ac818d7b3": {
    "asset": 1560732078000,
    "meta": 1560742335625,
    "relativePath": "resources\\ring.png"
  },
  "443dc811-26d1-47ea-85c0-4b8a8722d11b": {
    "asset": 1560742251413,
    "meta": 1560712916000,
    "relativePath": "scenes"
  },
  "8a04eddb-984d-4238-aa11-8ea04a1aa210": {
    "asset": 1560712916000,
    "meta": 1560742335631,
    "relativePath": "scenes\\end.fire"
  },
  "c97845ff-4d3b-41e5-9be7-3da2dcb6ee61": {
    "asset": 1560732078000,
    "meta": 1560742335636,
    "relativePath": "scenes\\game.fire"
  },
  "d95acc48-4578-40b3-a626-9e3e48e8388b": {
    "asset": 1560742254076,
    "meta": 1560712916000,
    "relativePath": "scripts"
  },
  "54f47e79-637d-4ae9-bd11-43275ed35c68": {
    "asset": 1560712916000,
    "meta": 1560742336140,
    "relativePath": "resources\\play.png"
  },
  "a80152ec-509c-4a91-a256-dcb1bd45f0bf": {
    "asset": 1560732078000,
    "meta": 1560742336233,
    "relativePath": "scripts\\Card.js"
  },
  "aad2b7ed-8c6f-46d4-8c39-420be6c765c5": {
    "asset": 1560732078000,
    "meta": 1560742336317,
    "relativePath": "scripts\\Cards.js"
  },
  "262caafd-49f6-47ce-8d44-54a4eec27df4": {
    "asset": 1560712916000,
    "meta": 1560742336329,
    "relativePath": "scripts\\gameManager.js"
  },
  "e86eba0b-1345-45c0-b8ff-9872294518fa": {
    "asset": 1560712916000,
    "meta": 1560742336344,
    "relativePath": "scripts\\restart.js"
  },
  "79454e5d-3689-4a0b-8551-29f2dfd1f397": {
    "asset": 1560712916000,
    "meta": 1560742336356,
    "relativePath": "scripts\\score.js"
  },
  "4b765fe3-228e-4dcb-a7b0-b90a6e675f61": {
    "asset": 1560712916000,
    "meta": 1560742336359,
    "relativePath": "scripts\\start.js"
  }
}