{
  "version": "1.1.1",
  "windows": {
    "worker": {},
    "main": {
      "main": true,
      "url": "app://editor/index.html",
      "windowType": "dockable",
      "x": 128,
      "y": 52,
      "width": 1280,
      "height": 720,
      "layout": {
        "children": [
          {
            "children": [
              {
                "active": 0,
                "children": [
                  "hierarchy"
                ],
                "height": 300.09375,
                "type": "panel",
                "width": 204
              },
              {
                "active": 0,
                "children": [
                  "assets"
                ],
                "height": 303.1000061035156,
                "type": "panel",
                "width": 204
              }
            ],
            "height": 605.2000122070312,
            "type": "dock-v",
            "width": 204
          },
          {
            "children": [
              {
                "children": [
                  {
                    "active": 0,
                    "children": [
                      "scene"
                    ],
                    "height": 303.1000061035156,
                    "type": "panel",
                    "width": 489.9937438964844
                  },
                  {
                    "active": 0,
                    "children": [
                      "node-library"
                    ],
                    "height": 303.1000061035156,
                    "type": "panel",
                    "width": 264
                  }
                ],
                "height": 303.1000061035156,
                "type": "dock-h",
                "width": 756
              },
              {
                "active": 0,
                "children": [
                  "console",
                  "timeline",
                  "game-window"
                ],
                "height": 300.09375,
                "type": "panel",
                "width": 756
              }
            ],
            "height": 605.2000122070312,
            "type": "dock-v",
            "width": 756
          },
          {
            "active": 0,
            "children": [
              "inspector",
              "cocos-services"
            ],
            "height": 605.2000122070312,
            "type": "panel",
            "width": 304
          }
        ],
        "type": "dock-h"
      },
      "panels": [
        "hierarchy",
        "assets",
        "node-library",
        "console",
        "timeline",
        "game-window",
        "inspector",
        "cocos-services",
        "scene"
      ]
    }
  },
  "panels": {}
}